release_year,country,Cluster
2016,239,2
2011,296,2
2009,440,1
2008,440,1
2016,357,1
2019,100,0
1997,440,1
2019,173,2
2008,173,2
2017,440,1
2018,353,1
2019,440,1
2014,257,2
2018,263,2
2019,173,2
2018,173,2
2018,173,2
2017,173,2
2017,173,2
2020,311,2
2019,217,2
2018,192,2
2020,192,2
2017,440,1
2018,39,0
2014,283,2
2016,283,2
2019,317,2
2015,357,1
2017,171,2
2010,357,1
2020,257,2
2005,440,1
2014,440,1
2017,440,1
2017,307,2
2012,106,0
2008,510,1
2016,282,2
2020,192,2
2014,173,2
2017,440,1
2015,440,1
2014,440,1
2010,165,2
2018,440,1
2006,477,1
2009,440,1
2020,217,2
2016,317,2
2019,440,1
2018,440,1
2008,106,0
2014,173,2
2013,440,1
2018,369,1
2016,440,1
2013,440,1
2016,440,1
2017,305,2
2016,173,2
2012,311,2
2018,0,0
2017,369,1
2000,440,1
2014,475,1
2015,440,1
2016,192,2
2009,173,2
2015,144,2
2016,100,0
2011,440,1
1989,93,0
2020,277,2
2020,227,2
2019,229,2
2017,440,1
2017,39,0
2019,317,2
2015,440,1
2019,257,2
2014,440,1
2018,217,2
2014,440,1
2004,440,1
2011,440,1
2012,192,2
2019,283,2
2018,440,1
2017,254,2
2019,440,1
2015,440,1
2014,173,2
2017,440,1
2019,173,2
2016,317,2
2018,265,2
2011,173,2
2019,173,2
2016,257,2
2011,10,0
2020,440,1
2017,461,1
2011,72,0
2016,173,2
2016,440,1
1977,521,1
2020,440,1
2018,440,1
2016,357,1
2020,349,1
2017,440,1
2019,440,1
2018,440,1
2016,137,2
2004,450,1
2019,440,1
1971,430,1
1993,440,1
2014,440,1
2020,440,1
2015,251,2
2016,58,0
2019,440,1
2016,173,2
2018,90,0
2018,440,1
2017,440,1
2012,440,1
2020,440,1
2015,369,1
2013,440,1
2019,440,1
2015,144,2
2011,440,1
2019,163,2
2019,461,1
2016,440,1
2019,133,0
2014,369,1
2007,272,2
2016,106,0
2016,427,1
2014,367,1
2020,440,1
1998,440,1
2015,247,2
2015,369,1
2012,440,1
2013,440,1
2011,440,1
2020,29,0
2019,317,2
2011,39,0
2016,173,2
2015,272,2
2011,198,2
2009,527,1
2020,389,1
2016,227,2
2009,440,1
2017,1,0
2015,440,1
1988,440,1
2017,440,1
2019,349,1
2015,216,2
1996,440,1
2012,440,1
2016,257,2
2020,173,2
2018,538,1
2017,450,1
2015,440,1
2008,272,2
2002,440,1
2008,173,2
2020,227,2
2017,39,0
2018,440,1
2016,297,2
2018,227,2
2019,39,0
2018,440,1
2011,357,1
2017,173,2
2009,173,2
2013,173,2
1988,173,2
2018,173,2
2008,173,2
2018,173,2
2011,173,2
2010,173,2
1993,173,2
2010,173,2
2019,173,2
2019,450,1
2015,173,2
2015,173,2
2013,173,2
2016,265,2
2016,173,2
2017,311,2
2012,440,1
2002,435,1
2013,369,1
2015,0,0
2016,239,2
2009,163,2
2013,440,1
2015,39,0
2007,521,1
2012,440,1
2010,361,1
2010,173,2
2017,35,0
2018,39,0
2020,317,2
2019,440,1
2018,440,1
1986,440,1
2014,106,0
2017,173,2
2013,12,0
2018,167,2
2017,173,2
2015,440,1
2018,58,0
2016,362,1
2020,29,0
2017,29,0
2019,440,1
2020,440,1
2017,430,1
2008,440,1
2012,459,1
2018,369,1
2018,349,1
2018,227,2
1990,173,2
2018,0,0
2009,173,2
2006,173,2
2012,440,1
2020,500,1
2020,440,1
2015,173,2
2004,173,2
2018,173,2
2012,173,2
2009,173,2
2017,173,2
2020,173,2
2020,173,2
2017,239,2
2017,440,1
2019,173,2
2016,448,1
2018,317,2
2019,536,1
2020,239,2
2018,440,1
1979,101,0
1989,122,0
2019,535,1
2019,362,1
2015,357,1
2016,440,1
2018,440,1
2018,10,0
1980,316,2
1974,440,1
2019,29,0
2017,440,1
2019,440,1
2020,440,1
2018,440,1
2017,303,2
2018,440,1
2020,238,2
2020,440,1
1989,208,2
2019,329,1
2016,440,1
2018,440,1
2017,272,2
2006,440,1
2020,440,1
2018,369,1
2020,239,2
2017,29,0
2020,440,1
2009,163,2
2019,144,2
2017,440,1
2020,0,0
2020,440,1
2016,391,1
2019,272,2
2001,479,1
2013,440,1
2014,490,1
2020,228,2
2019,440,1
2016,272,2
2002,308,2
2017,317,2
2015,369,1
1977,173,2
2011,100,0
2018,440,1
2017,369,1
2016,440,1
2017,440,1
1999,440,1
2017,440,1
2018,440,1
2019,39,0
2014,48,0
1998,440,1
2016,430,1
2018,440,1
2020,440,1
2000,450,1
2019,440,1
2019,440,1
2017,357,1
1966,173,2
2015,369,1
2019,440,1
2017,440,1
1986,440,1
1991,440,1
1999,440,1
2000,440,1
2019,106,0
1982,100,0
2018,430,1
2012,100,0
2017,440,1
2018,440,1
2017,295,2
2020,82,0
2014,100,0
2018,29,0
2014,173,2
2017,173,2
2017,317,2
2010,50,0
2018,172,2
2008,100,0
1994,173,2
2018,173,2
2020,173,2
2020,296,2
2020,106,0
2015,440,1
2017,173,2
2001,440,1
2019,440,1
2018,200,2
2020,440,1
2009,498,1
2003,440,1
2015,177,2
2018,173,2
2019,369,1
2020,77,0
2018,70,0
2018,319,2
2020,29,0
2014,173,2
2015,440,1
2013,173,2
2013,173,2
2016,440,1
2018,378,1
2016,33,0
2018,440,1
2017,100,0
2019,440,1
2015,440,1
2006,173,2
2018,440,1
2007,173,2
2005,173,2
2016,440,1
2011,450,1
2018,430,1
2015,117,0
2016,106,0
2015,440,1
2018,82,0
2019,190,2
2016,108,0
2018,100,0
2020,171,2
2017,440,1
2020,440,1
2011,192,2
2011,173,2
2016,58,0
2019,440,1
2019,440,1
2011,440,1
2011,430,1
2019,173,2
2018,195,2
2014,440,1
1997,440,1
2018,173,2
2018,173,2
2001,173,2
2016,440,1
2020,259,2
2019,440,1
2015,270,2
2020,173,2
2016,311,2
2016,440,1
2018,39,0
2019,136,2
2012,440,1
2012,450,1
2014,369,1
2016,63,0
2010,285,2
1994,369,1
2002,440,1
1997,440,1
1999,440,1
2016,173,2
2014,36,0
2020,440,1
2018,192,2
2019,369,1
2018,440,1
2017,341,1
2018,369,1
2019,440,1
2018,173,2
2020,173,2
2017,173,2
2018,160,2
2016,173,2
2015,440,1
2013,440,1
2019,440,1
2013,173,2
2017,173,2
2017,173,2
2016,173,2
2017,173,2
2015,173,2
2018,173,2
2005,357,1
2018,357,1
2006,142,2
2019,173,2
2018,303,2
2016,29,0
2019,10,0
2015,353,1
2014,39,0
2019,440,1
2019,440,1
2015,19,0
1995,440,1
2003,440,1
2017,369,1
2017,353,1
2014,440,1
2017,300,2
2016,450,1
2018,108,0
2006,173,2
2019,173,2
2019,440,1
1995,440,1
2001,440,1
2004,440,1
2017,265,2
2015,357,1
2017,257,2
2020,440,1
2017,440,1
2015,440,1
1978,173,2
2010,353,1
2015,173,2
2002,353,1
2009,353,1
2015,317,2
2009,173,2
2016,291,2
2013,440,1
2017,450,1
2010,440,1
2015,440,1
2015,440,1
2020,440,1
2016,440,1
2010,440,1
2011,450,1
2016,450,1
2012,440,1
2017,440,1
2017,440,1
2016,272,2
2017,173,2
2015,440,1
2012,173,2
2013,63,0
2016,440,1
1995,173,2
1998,440,1
1992,468,1
2016,173,2
2018,440,1
2016,440,1
2018,260,2
2018,440,1
1972,173,2
2019,246,2
2019,241,2
1982,173,2
2011,173,2
2015,442,1
2016,440,1
1997,430,1
2015,440,1
2017,11,0
2019,440,1
2016,239,2
2015,272,2
1996,440,1
1992,440,1
2008,192,2
2016,100,0
2020,440,1
2007,407,1
2008,440,1
2007,442,1
2015,257,2
2017,440,1
2016,440,1
2016,440,1
2016,100,0
2017,440,1
2016,173,2
2015,369,1
2011,440,1
2014,257,2
2018,440,1
1975,232,2
2016,26,0
2015,253,2
2018,540,1
2016,39,0
2020,440,1
2019,440,1
2019,440,1
2018,367,1
2004,440,1
1978,440,1
2019,440,1
2008,144,2
2012,357,1
2017,10,0
2020,144,2
2012,227,2
2012,227,2
2013,227,2
2020,440,1
2016,440,1
2020,39,0
2016,440,1
2019,440,1
2017,440,1
2018,440,1
2019,272,2
2019,440,1
2018,317,2
2005,173,2
2010,100,0
2006,357,1
2013,490,1
2017,455,1
2018,179,2
2006,173,2
2019,173,2
2019,173,2
2013,173,2
2019,173,2
2017,173,2
2018,173,2
2020,173,2
2007,173,2
2003,173,2
2017,173,2
2014,144,2
2014,144,2
2016,144,2
2017,144,2
2017,440,1
1999,440,1
2002,477,1
2018,440,1
2012,521,1
2014,440,1
2017,90,0
2012,450,1
2020,106,0
2017,440,1
2002,369,1
2019,440,1
2014,440,1
2010,440,1
2019,521,1
2017,440,1
2012,440,1
1991,369,1
1992,369,1
1993,369,1
1989,440,1
2017,440,1
2009,173,2
2000,385,1
2018,440,1
2017,173,2
2015,173,2
2016,359,1
2018,440,1
2016,274,2
2018,39,0
2017,440,1
2016,542,1
2018,317,2
2010,100,0
2012,173,2
2015,173,2
2018,204,2
2019,440,1
2004,173,2
2001,521,1
2014,357,1
2018,440,1
2014,289,2
2015,423,1
2017,440,1
2007,440,1
2017,6,0
2020,440,1
2015,440,1
2017,227,2
2018,440,1
2008,227,2
2010,227,2
2016,440,1
2016,151,2
2015,106,0
2013,164,2
2015,20,0
2013,303,2
2017,106,0
2016,106,0
2012,173,2
2019,7,0
2001,440,1
2013,113,0
2013,440,1
2016,440,1
2016,440,1
2013,468,1
1999,155,2
2010,440,1
2005,173,2
2016,440,1
2013,440,1
2018,440,1
2015,39,0
2017,97,0
2020,440,1
1973,173,2
2014,173,2
2018,369,1
2011,173,2
2018,173,2
2018,317,2
2017,489,1
2019,82,0
2001,173,2
2008,440,1
2017,317,2
2018,366,1
2013,173,2
2016,253,2
2017,440,1
2015,247,2
2017,39,0
2006,39,0
1967,440,1
2003,173,2
2019,272,2
2018,253,2
2017,440,1
2016,422,1
2013,173,2
2005,232,2
2017,58,0
2008,100,0
2013,29,0
2016,440,1
2016,317,2
2016,35,0
2017,440,1
2016,188,2
2016,456,1
2018,440,1
2007,440,1
2020,56,0
2013,496,1
2016,440,1
2018,39,0
2018,108,0
2010,173,2
2014,163,2
2015,173,2
2014,369,1
2018,10,0
2017,440,1
2005,440,1
2014,272,2
2019,192,2
2017,440,1
2018,173,2
2016,311,2
2017,440,1
2009,440,1
2019,106,0
2019,357,1
2006,440,1
2017,70,0
2015,191,2
2016,39,0
2017,39,0
2017,39,0
2018,173,2
2018,108,0
2012,29,0
2017,440,1
2016,173,2
2018,194,2
2020,173,2
2018,173,2
2017,35,0
2020,440,1
2018,440,1
2010,440,1
2017,108,0
2018,314,2
2019,440,1
2017,440,1
2017,440,1
2016,440,1
1960,440,1
2018,272,2
2012,273,2
2015,131,0
1981,231,2
2017,357,1
2019,173,2
2008,173,2
2016,26,0
2016,440,1
2020,259,2
2014,192,2
2016,0,0
1958,100,0
2018,419,1
2015,173,2
2018,369,1
2020,369,1
2019,440,1
2018,440,1
2018,317,2
2014,245,2
2016,440,1
2017,440,1
2014,440,1
1998,440,1
2017,272,2
2007,100,0
2018,440,1
2017,173,2
1992,521,1
2017,173,2
2020,440,1
2017,108,0
2016,199,2
2018,173,2
2008,272,2
2020,173,2
2019,440,1
2016,239,2
2018,239,2
2020,58,0
2015,431,1
1976,440,1
2016,440,1
2009,440,1
2012,502,1
2009,450,1
2006,382,1
1992,163,2
1992,163,2
1958,440,1
2002,450,1
2018,303,2
2016,440,1
2010,442,1
2016,259,2
2016,440,1
2012,173,2
2018,192,2
2000,440,1
1996,173,2
2014,173,2
2014,173,2
2010,173,2
2000,173,2
2017,265,2
2003,173,2
2020,173,2
1992,173,2
2004,173,2
2010,173,2
2010,152,2
2018,440,1
2016,192,2
2017,516,1
2015,308,2
2005,430,1
2000,477,1
2003,440,1
1973,440,1
2021,59,0
2013,173,2
2013,173,2
1997,440,1
2017,164,2
2016,440,1
2015,29,0
2015,176,2
2016,311,2
2014,440,1
2014,440,1
2014,440,1
2013,173,2
2012,440,1
2012,173,2
2019,173,2
2017,173,2
2005,440,1
2018,257,2
1988,440,1
2019,227,2
2011,173,2
2017,70,0
2020,173,2
2012,491,1
1968,430,1
2009,453,1
2017,440,1
2020,173,2
2019,173,2
2017,440,1
2015,440,1
2017,440,1
2020,440,1
2018,440,1
2015,440,1
2014,440,1
2017,440,1
2016,430,1
2019,440,1
2020,144,2
2012,58,0
2017,440,1
2015,440,1
2017,440,1
2018,369,1
2017,39,0
2018,39,0
2018,39,0
2004,440,1
2018,440,1
2016,440,1
2006,0,0
2006,173,2
2017,265,2
1975,173,2
2017,173,2
2011,357,1
2015,440,1
2009,440,1
2020,257,2
2018,350,1
2002,31,0
2016,369,1
2016,358,1
2019,440,1
2010,522,1
1993,440,1
2020,173,2
2018,440,1
1973,440,1
2006,440,1
2017,440,1
2017,440,1
2018,108,0
2013,430,1
2012,158,2
2014,124,0
2009,440,1
2013,440,1
2008,440,1
2018,240,2
2005,477,1
2018,239,2
2019,39,0
2007,440,1
2020,440,1
2017,173,2
2017,440,1
2019,257,2
2013,303,2
2016,440,1
2015,440,1
2016,173,2
2015,149,2
2008,173,2
2016,62,0
2018,440,1
2019,440,1
2019,239,2
2002,173,2
2016,375,1
2013,440,1
2014,542,1
2017,199,2
2014,357,1
2014,357,1
2008,173,2
2017,543,1
1967,440,1
2017,39,0
2015,440,1
2020,440,1
2009,440,1
2015,247,2
2018,39,0
2016,257,2
2016,29,0
2016,440,1
2014,440,1
2018,440,1
2017,440,1
2004,477,1
2020,192,2
2015,272,2
2018,257,2
2018,257,2
2016,173,2
2014,440,1
2017,440,1
2019,239,2
2019,317,2
2017,440,1
2018,238,2
2000,351,1
2016,79,0
2019,272,2
2017,440,1
2018,170,2
2014,440,1
2013,440,1
2020,106,0
2018,173,2
2014,440,1
2018,440,1
2013,357,1
2015,357,1
2020,440,1
2005,10,0
2015,173,2
2014,357,1
2015,357,1
2013,357,1
1989,440,1
2020,239,2
2003,440,1
2019,440,1
2015,0,0
2017,173,2
2015,490,1
2013,440,1
2016,440,1
2017,145,2
2020,440,1
2016,144,2
2019,440,1
2016,173,2
2020,440,1
2019,239,2
2017,239,2
2015,440,1
1997,440,1
2017,192,2
2018,106,0
2018,440,1
2016,173,2
2016,421,1
2020,239,2
2019,440,1
2015,527,1
2013,440,1
1956,100,0
2003,173,2
2016,173,2
1991,430,1
2017,440,1
2017,440,1
2019,440,1
2020,521,1
2020,339,1
2016,430,1
2016,440,1
2019,39,0
2018,34,0
2017,440,1
2020,440,1
2018,247,2
2015,440,1
2018,369,1
2019,276,2
2019,440,1
2006,173,2
2018,440,1
2019,440,1
2016,440,1
2016,173,2
2012,440,1
2018,349,1
2011,39,0
2016,173,2
2010,440,1
2020,82,0
2017,440,1
2017,440,1
2020,519,1
2017,448,1
2020,440,1
2017,369,1
2016,357,1
2014,173,2
2017,320,1
2013,173,2
2002,173,2
2017,440,1
2008,440,1
2016,440,1
2017,39,0
2017,440,1
2009,173,2
2011,173,2
2014,357,1
2018,357,1
2018,440,1
2015,440,1
2018,440,1
2015,440,1
2018,440,1
1992,440,1
2019,440,1
2017,440,1
2017,0,0
2017,440,1
2020,440,1
2017,6,0
2019,317,2
1997,122,0
2020,349,1
2017,100,0
2016,424,1
2016,440,1
2009,173,2
2019,440,1
2016,104,0
2017,39,0
2018,227,2
2004,173,2
2007,173,2
2007,404,1
2015,173,2
2015,173,2
2017,173,2
2010,173,2
2009,173,2
2018,72,0
2017,369,1
2015,108,0
2002,430,1
2015,303,2
2016,144,2
1990,173,2
2001,173,2
2015,173,2
2002,173,2
1998,173,2
2014,173,2
2018,192,2
2019,192,2
2015,173,2
2010,440,1
1985,163,2
1982,173,2
2018,229,2
2017,440,1
2017,440,1
2009,310,2
2016,135,0
2019,29,0
2012,440,1
2020,107,0
2010,173,2
2009,173,2
1965,499,1
2016,440,1
2019,440,1
2020,173,2
2019,369,1
2020,440,1
2019,440,1
2014,440,1
2019,92,0
2006,173,2
2011,177,2
2015,440,1
2015,440,1
2010,443,1
2015,106,0
2016,106,0
2017,106,0
2011,163,2
2014,164,2
2016,369,1
2016,369,1
2016,440,1
2020,317,2
2012,440,1
1997,440,1
2005,381,1
2019,440,1
2020,173,2
2019,173,2
2008,191,2
2020,29,0
1999,479,1
2020,70,0
1989,163,2
2008,440,1
2018,288,2
2003,440,1
2018,121,0
2012,468,1
2019,227,2
2006,164,2
1996,440,1
2015,440,1
2000,440,1
2017,440,1
2020,440,1
2014,440,1
2020,440,1
2020,440,1
2020,440,1
2017,440,1
2015,440,1
2017,146,2
2016,163,2
2015,173,2
2019,173,2
2019,440,1
2018,64,0
2018,227,2
2018,440,1
2018,81,0
2018,440,1
2014,266,2
2003,173,2
2003,440,1
2018,440,1
1984,173,2
1998,173,2
2016,369,1
2020,108,0
2014,440,1
2019,411,1
2015,440,1
2010,440,1
2010,440,1
2018,173,2
2019,440,1
2015,369,1
1983,440,1
1987,440,1
2018,440,1
1998,440,1
2017,29,0
2019,217,2
2018,173,2
2018,173,2
2019,275,2
2014,369,1
2019,192,2
2015,173,2
2006,100,0
2009,173,2
2004,173,2
1983,173,2
2005,173,2
2019,173,2
2012,173,2
2016,357,1
2012,451,1
2017,440,1
2019,440,1
2017,541,1
2018,239,2
2017,239,2
2018,8,0
2019,82,0
2017,239,2
2018,85,0
2018,100,0
1971,173,2
2006,247,2
2019,257,2
2020,440,1
2020,440,1
2019,440,1
2019,317,2
2019,440,1
2018,440,1
2014,106,0
2018,39,0
2015,369,1
2016,440,1
2008,173,2
2016,192,2
2016,10,0
2006,440,1
2002,173,2
2012,440,1
2013,55,0
1996,173,2
2018,144,2
2016,440,1
2020,369,1
2018,39,0
2019,500,1
1973,169,2
2016,118,0
2015,494,1
2002,440,1
2020,440,1
2012,440,1
2018,323,1
2017,440,1
1990,277,2
2009,100,0
1985,0,0
2016,239,2
2018,217,2
2020,440,1
2007,440,1
1998,227,2
2010,332,1
2018,173,2
1997,430,1
2019,440,1
2019,325,1
2015,272,2
2016,272,2
2001,440,1
2019,173,2
2015,369,1
1996,440,1
2018,272,2
2012,440,1
2001,440,1
2017,144,2
2014,227,2
2019,440,1
2018,440,1
2020,440,1
2019,440,1
2019,326,1
2010,357,1
2011,357,1
2014,357,1
2017,440,1
2018,440,1
2017,63,0
2017,440,1
2019,106,0
2019,440,1
2018,296,2
2011,173,2
2019,440,1
1998,440,1
2019,440,1
2017,144,2
2018,440,1
2018,362,1
2019,440,1
2017,277,2
2014,173,2
2018,272,2
2015,10,0
2017,100,0
2020,106,0
2018,106,0
2008,173,2
2020,440,1
2020,440,1
2016,227,2
2017,369,1
2012,173,2
1998,440,1
2020,39,0
2020,369,1
2017,440,1
2020,440,1
2012,440,1
2017,29,0
2020,144,2
2018,82,0
2018,0,0
2012,173,2
1986,440,1
2004,173,2
1971,440,1
2020,277,2
2015,257,2
2008,369,1
2016,440,1
2017,440,1
2015,192,2
2000,440,1
2003,450,1
2006,477,1
2017,272,2
2020,272,2
2016,220,2
2012,173,2
2019,173,2
2013,173,2
2017,227,2
2018,440,1
2017,376,1
2018,247,2
2018,272,2
2018,440,1
2017,38,0
2016,369,1
2019,369,1
2015,440,1
2018,29,0
2016,173,2
2017,440,1
1982,163,2
2015,440,1
2000,173,2
2008,58,0
2018,75,0
2016,100,0
2018,440,1
1978,163,2
2017,368,1
2010,440,1
2012,239,2
2015,490,1
2019,369,1
2018,440,1
2018,272,2
1977,440,1
2016,58,0
2017,317,2
2017,369,1
1956,440,1
2016,173,2
2020,173,2
2018,222,2
2017,311,2
2020,440,1
2008,155,2
2013,272,2
1994,369,1
2007,477,1
2019,440,1
2012,447,1
2019,239,2
2018,239,2
2016,440,1
2019,440,1
2017,440,1
2018,440,1
2018,450,1
2020,144,2
2007,440,1
2016,369,1
2016,440,1
1993,474,1
2018,362,1
2015,505,1
2016,100,0
2015,440,1
2015,303,2
2019,440,1
2009,440,1
2016,144,2
1980,173,2
2014,364,1
2017,100,0
2010,140,2
2016,440,1
2018,440,1
2011,439,1
2008,440,1
2013,440,1
2013,173,2
2020,173,2
2019,440,1
2015,58,0
2020,440,1
2017,227,2
2010,227,2
2017,440,1
2018,111,0
2020,58,0
2019,542,1
2017,521,1
2017,224,2
2009,440,1
2004,357,1
2016,357,1
2015,173,2
2017,30,0
2016,440,1
2018,440,1
2017,106,0
2015,173,2
2017,440,1
2013,287,2
2017,192,2
2011,173,2
2012,100,0
2019,187,2
2018,440,1
2016,106,0
2003,173,2
2002,498,1
2016,227,2
2018,173,2
2014,230,2
2007,440,1
2008,511,1
2009,315,2
2016,440,1
2019,440,1
2009,192,2
2011,192,2
2018,349,1
2015,257,2
2016,228,2
2016,173,2
2018,173,2
2018,173,2
2020,440,1
2003,442,1
2017,440,1
2011,219,2
2010,440,1
2019,108,0
2017,440,1
2014,430,1
2008,440,1
2016,317,2
2005,440,1
2013,232,2
2013,173,2
1990,173,2
2017,356,1
2017,440,1
2013,227,2
2016,39,0
2007,442,1
2020,173,2
2014,227,2
2013,227,2
2020,369,1
2018,173,2
1997,173,2
2005,192,2
1958,440,1
2013,440,1
2020,106,0
2012,383,1
2020,173,2
2018,248,2
2019,440,1
2013,272,2
2020,349,1
2017,440,1
2012,227,2
2015,227,2
2019,108,0
2020,440,1
2017,227,2
2018,377,1
2020,10,0
2020,440,1
2019,0,0
2018,440,1
2016,440,1
2017,72,0
2014,440,1
2018,440,1
2017,369,1
2017,227,2
2018,227,2
2018,227,2
2020,311,2
2018,10,0
1979,173,2
1995,430,1
2019,440,1
2016,10,0
2014,173,2
2008,173,2
2006,173,2
2018,440,1
2015,357,1
2017,100,0
1997,440,1
2018,357,1
2009,440,1
2016,440,1
2014,440,1
2019,440,1
2012,100,0
2007,450,1
2005,476,1
2014,526,1
2019,440,1
2017,440,1
1990,440,1
2017,440,1
2011,450,1
2016,39,0
2018,521,1
2013,173,2
2001,531,1
2019,440,1
2003,471,1
2015,173,2
2018,272,2
2008,155,2
2013,173,2
2019,440,1
2012,173,2
2014,362,1
2015,362,1
2017,440,1
1978,440,1
2016,440,1
2015,440,1
2016,257,2
2018,369,1
2019,0,0
2015,39,0
2018,39,0
2016,440,1
2019,539,1
2020,440,1
2020,173,2
1993,173,2
2018,323,1
2019,173,2
2020,173,2
2017,173,2
2007,173,2
2015,369,1
2010,173,2
2015,63,0
2013,357,1
2013,357,1
2013,173,2
2012,194,2
2014,357,1
2014,173,2
2016,532,1
2007,523,1
2018,362,1
2016,362,1
2017,257,2
2017,173,2
2018,173,2
2009,500,1
2015,440,1
2000,173,2
1987,440,1
2018,173,2
2017,100,0
2016,199,2
2017,440,1
2017,440,1
2013,440,1
2020,10,0
2018,10,0
2016,440,1
2018,247,2
2017,369,1
2018,238,2
2018,440,1
2018,223,2
2014,173,2
2017,440,1
2014,173,2
2019,353,1
2014,239,2
2020,173,2
2015,173,2
2020,440,1
1986,440,1
2015,369,1
2015,290,2
2018,440,1
2009,173,2
2018,440,1
2008,440,1
2004,454,1
2015,440,1
2010,450,1
2015,440,1
2016,440,1
2010,173,2
2014,173,2
1999,173,2
2007,173,2
2018,440,1
2020,440,1
2017,10,0
2016,440,1
2015,173,2
2015,357,1
2011,209,2
2003,176,2
2016,108,0
2015,520,1
2015,39,0
2018,440,1
2018,440,1
1998,10,0
2016,192,2
2011,108,0
2017,440,1
2001,440,1
2017,440,1
2017,232,2
2016,461,1
2015,166,2
2015,440,1
2016,440,1
2004,440,1
1999,173,2
2019,272,2
2019,440,1
2015,440,1
2015,272,2
2013,440,1
2018,440,1
1976,173,2
2016,440,1
2014,236,2
1997,164,2
2016,317,2
2012,173,2
2017,512,1
2017,440,1
2019,440,1
2010,173,2
2016,70,0
2016,227,2
2017,227,2
2017,227,2
2016,227,2
2019,173,2
2019,440,1
2018,311,2
2019,286,2
2014,173,2
2020,440,1
2013,173,2
2015,369,1
2020,369,1
2010,191,2
2017,173,2
2012,440,1
2005,440,1
2015,90,0
2015,265,2
2016,369,1
2006,357,1
2018,440,1
2015,10,0
2016,303,2
2020,440,1
2019,440,1
2019,440,1
2016,495,1
2018,440,1
2017,317,2
2017,317,2
2008,353,1
2010,353,1
2017,173,2
2019,440,1
2018,39,0
2011,440,1
2018,440,1
2007,173,2
2014,369,1
2011,440,1
1991,440,1
2011,440,1
2018,173,2
2018,440,1
2017,510,1
2013,450,1
2020,369,1
2013,173,2
2020,440,1
2017,440,1
2016,440,1
2019,227,2
2016,369,1
2007,440,1
2017,357,1
2009,155,2
1975,278,2
2018,440,1
2019,173,2
2012,450,1
2017,440,1
2016,450,1
2016,301,2
2019,440,1
2018,440,1
2017,521,1
2000,440,1
2017,245,2
1997,440,1
2018,270,2
1995,440,1
2017,369,1
2014,440,1
1992,411,1
2012,173,2
2020,440,1
2011,434,1
2009,440,1
1994,173,2
1999,173,2
2006,173,2
2014,173,2
2014,369,1
2016,253,2
2010,39,0
2020,196,2
2015,514,1
2015,173,2
2016,440,1
2018,440,1
2012,173,2
2016,440,1
2005,440,1
2016,0,0
2010,180,2
2016,369,1
2017,440,1
2019,106,0
2010,173,2
2018,440,1
2015,440,1
2019,10,0
2018,106,0
2016,70,0
2017,345,1
2016,58,0
2018,369,1
2020,369,1
2019,10,0
2016,440,1
2017,440,1
2011,440,1
2014,353,1
2010,173,2
2019,106,0
2019,317,2
2010,440,1
2016,386,1
2015,440,1
2016,440,1
2015,440,1
2013,440,1
2019,245,2
2020,440,1
2017,311,2
2018,440,1
2017,369,1
2017,440,1
2016,46,0
2014,72,0
2010,173,2
2008,468,1
2017,173,2
2016,440,1
2018,440,1
2019,440,1
2013,440,1
2018,311,2
2009,477,1
2018,173,2
1974,106,0
2012,296,2
2014,440,1
2016,440,1
2018,430,1
1990,440,1
2018,317,2
2017,257,2
2019,231,2
2017,440,1
2017,433,1
2016,108,0
2019,450,1
2019,58,0
2016,227,2
2016,440,1
2010,521,1
2014,357,1
2019,295,2
2017,173,2
2017,430,1
2018,440,1
2014,173,2
2017,39,0
2008,440,1
1989,440,1
1981,440,1
1984,440,1
2016,440,1
2013,440,1
2009,155,2
2019,353,1
2020,106,0
2005,72,0
2013,173,2
2008,154,2
2017,357,1
2005,173,2
2019,440,1
2010,458,1
2013,239,2
2016,440,1
2015,173,2
2008,440,1
2015,39,0
2016,397,1
2007,440,1
2020,0,0
2004,227,2
2003,227,2
2001,227,2
2002,227,2
2009,440,1
2017,4,0
2017,306,2
2019,440,1
2008,164,2
2010,164,2
2015,72,0
2019,164,2
2006,173,2
2010,173,2
2018,440,1
2014,440,1
2018,440,1
2018,176,2
2019,272,2
2003,173,2
2015,173,2
2009,173,2
2020,144,2
2017,257,2
2013,173,2
2017,440,1
2013,272,2
1995,440,1
2016,257,2
2015,317,2
2017,100,0
2017,173,2
2014,440,1
2015,257,2
1986,173,2
2006,173,2
2008,173,2
2017,173,2
2007,173,2
2013,108,0
2016,495,1
2017,369,1
2019,369,1
2020,369,1
1997,440,1
2017,369,1
2015,542,1
2019,440,1
2019,173,2
2016,339,1
2015,238,2
2017,173,2
2020,173,2
2009,173,2
2017,37,0
2013,173,2
2012,173,2
2018,369,1
2020,173,2
2016,265,2
2018,63,0
2018,173,2
2019,216,2
2014,173,2
2013,173,2
2001,440,1
1973,277,2
2018,333,1
2014,440,1
2006,440,1
2019,440,1
2011,440,1
2012,440,1
2017,440,1
2015,440,1
2008,440,1
2016,440,1
2019,440,1
2015,440,1
2015,440,1
2017,440,1
2019,440,1
2016,245,2
2015,440,1
2017,440,1
2020,440,1
2002,440,1
1998,440,1
2014,440,1
2016,440,1
2018,210,2
2016,440,1
2019,440,1
2003,173,2
2017,58,0
2005,440,1
2017,440,1
2009,440,1
2012,440,1
2014,440,1
2014,440,1
2016,440,1
2018,440,1
2017,440,1
1973,440,1
2016,369,1
2001,440,1
2017,173,2
2020,440,1
2013,450,1
2011,440,1
2019,440,1
2020,440,1
2017,440,1
2018,311,2
2017,440,1
2012,440,1
2008,173,2
2017,440,1
2016,440,1
2018,369,1
2012,440,1
2013,173,2
2020,440,1
2019,440,1
2018,440,1
2012,440,1
2015,440,1
2012,173,2
2018,173,2
2015,29,0
2018,440,1
2015,369,1
2017,173,2
2000,440,1
2016,106,0
2019,21,0
2019,440,1
2017,440,1
2017,440,1
2015,173,2
1997,173,2
2017,173,2
2011,440,1
2009,440,1
2020,440,1
2011,440,1
2005,440,1
2015,442,1
2020,29,0
2007,90,0
2005,156,2
2018,0,0
2016,272,2
2017,440,1
1992,163,2
2011,440,1
2016,440,1
2019,440,1
2002,398,1
2011,227,2
2016,357,1
2017,173,2
2019,173,2
2015,173,2
2019,173,2
2005,173,2
2020,173,2
1981,173,2
2017,173,2
2016,173,2
2006,173,2
1994,173,2
2001,173,2
2019,173,2
2016,173,2
2012,173,2
2014,470,1
2013,173,2
2010,173,2
2003,173,2
2012,173,2
2016,369,1
2019,362,1
2019,272,2
2017,173,2
2016,303,2
2009,173,2
2017,173,2
2019,303,2
2020,173,2
2016,173,2
2020,173,2
2015,357,1
2019,29,0
2007,100,0
2010,173,2
2017,193,2
2008,173,2
2019,257,2
2001,440,1
2012,10,0
1982,173,2
2019,440,1
2017,369,1
2016,440,1
2007,440,1
2012,440,1
2006,440,1
2006,440,1
2015,173,2
2017,173,2
2005,173,2
2019,173,2
2015,440,1
1990,440,1
2019,440,1
2020,173,2
2009,440,1
2019,440,1
2011,440,1
2013,440,1
2010,440,1
2016,440,1
2020,440,1
2019,440,1
2018,440,1
2001,440,1
2017,440,1
1993,173,2
2018,173,2
2014,173,2
1973,173,2
2006,173,2
1980,173,2
2003,173,2
2018,173,2
2017,440,1
2016,440,1
1995,440,1
2015,272,2
2015,250,2
2019,144,2
2019,357,1
2003,500,1
2004,440,1
2016,369,1
2015,106,0
2019,357,1
2016,440,1
2011,440,1
2014,440,1
2014,173,2
2019,440,1
1988,440,1
2010,440,1
2017,440,1
2012,440,1
2016,170,2
2014,369,1
2015,440,1
2018,257,2
2018,80,0
2005,450,1
1996,440,1
2017,109,0
2015,173,2
2009,173,2
2008,173,2
2017,39,0
1997,440,1
2020,440,1
2017,272,2
2013,238,2
2019,336,1
2019,440,1
2015,460,1
1945,440,1
2009,522,1
2015,357,1
2016,357,1
2018,58,0
2006,173,2
2016,369,1
2019,173,2
2018,24,0
2012,418,1
1972,173,2
2014,261,2
2017,173,2
2015,440,1
2020,173,2
2004,173,2
2013,440,1
2019,173,2
2017,440,1
2003,173,2
1998,173,2
2017,173,2
2004,166,2
2010,245,2
2010,440,1
2016,440,1
2017,74,0
2018,192,2
2009,173,2
2016,227,2
1998,369,1
2012,357,1
2000,173,2
2005,173,2
2016,173,2
2017,440,1
2001,173,2
2004,173,2
2016,0,0
1987,440,1
2016,217,2
2017,239,2
2016,84,0
2016,173,2
2018,173,2
2011,353,1
2017,440,1
2016,163,2
2019,440,1
2006,440,1
2019,106,0
2017,29,0
2001,173,2
2004,173,2
1971,173,2
2010,173,2
2015,296,2
2018,257,2
2017,502,1
2020,440,1
2019,440,1
2012,258,2
2015,425,1
2010,468,1
2020,369,1
2018,518,1
2020,144,2
2011,440,1
2012,440,1
2004,369,1
2016,249,2
2017,106,0
2010,495,1
2016,116,0
2003,440,1
2011,440,1
2011,440,1
2017,173,2
2013,440,1
2014,450,1
2015,393,1
2010,442,1
2017,70,0
1982,163,2
2016,440,1
2010,440,1
2014,440,1
2018,90,0
2016,440,1
2015,440,1
2018,440,1
2013,440,1
2015,173,2
2013,498,1
2012,430,1
2020,440,1
2019,440,1
1946,440,1
2006,100,0
2014,357,1
2018,440,1
2015,440,1
2013,173,2
2010,303,2
2014,440,1
2007,173,2
2012,173,2
2018,173,2
2006,100,0
2018,39,0
1997,163,2
2019,257,2
2018,440,1
2018,440,1
1992,239,2
2019,440,1
2015,440,1
2018,173,2
2012,490,1
2016,72,0
2020,508,1
2013,100,0
2018,257,2
2019,29,0
2017,232,2
2016,440,1
1983,163,2
2017,440,1
2016,10,0
2016,10,0
2016,485,1
2018,369,1
1989,440,1
2000,440,1
2016,440,1
2020,317,2
2019,257,2
2014,440,1
2016,440,1
2018,239,2
2016,173,2
1998,369,1
2013,430,1
2018,357,1
2012,141,2
2017,239,2
2015,173,2
1976,440,1
2019,272,2
1962,430,1
2017,144,2
2017,369,1
2020,440,1
2015,369,1
2017,39,0
2009,163,2
1990,163,2
2015,144,2
2015,173,2
2019,239,2
2015,239,2
2019,440,1
2020,106,0
2020,440,1
2017,257,2
2020,173,2
2017,173,2
2016,440,1
2019,440,1
2018,192,2
2019,192,2
2010,163,2
2015,283,2
2019,440,1
2019,257,2
2018,52,0
1997,440,1
2020,192,2
2017,173,2
2016,70,0
2017,72,0
1994,163,2
2018,173,2
2018,440,1
2011,100,0
2020,409,1
2017,272,2
2015,192,2
2020,440,1
2014,153,2
2017,357,1
2017,29,0
2016,440,1
2016,430,1
2006,440,1
2019,82,0
1995,163,2
2010,173,2
2017,227,2
2017,440,1
2020,29,0
2019,29,0
2019,29,0
2016,0,0
2018,0,0
2017,311,2
2009,173,2
2019,173,2
2017,173,2
2005,173,2
2020,173,2
2019,173,2
1979,227,2
2018,173,2
2015,3,0
2018,173,2
2012,173,2
2017,440,1
2017,173,2
2020,440,1
2017,176,2
2012,440,1
2014,173,2
2013,509,1
2016,239,2
1979,20,0
2008,440,1
1987,440,1
2016,163,2
2016,173,2
2008,440,1
2017,440,1
2019,173,2
2004,173,2
2013,173,2
2016,63,0
2017,217,2
2013,108,0
2018,106,0
2015,173,2
1999,440,1
2016,259,2
2013,173,2
2017,369,1
1981,163,2
2009,173,2
2004,173,2
2005,173,2
2005,173,2
1989,173,2
2020,440,1
2018,211,2
2017,173,2
2019,173,2
2020,173,2
2018,0,0
2018,369,1
2019,440,1
2020,440,1
2018,440,1
2019,173,2
2018,100,0
2013,464,1
2017,311,2
2015,385,1
1983,173,2
2017,173,2
2014,440,1
2016,440,1
2014,440,1
2017,72,0
2020,173,2
2017,173,2
2020,440,1
2019,173,2
1999,173,2
2017,369,1
2007,173,2
1974,173,2
1999,369,1
2015,440,1
2018,173,2
2017,173,2
2017,173,2
2018,173,2
2017,173,2
2014,43,0
2017,369,1
2016,58,0
2020,440,1
2013,440,1
2017,440,1
2017,29,0
2015,440,1
2019,272,2
2017,440,1
2012,440,1
2015,440,1
2018,440,1
2016,173,2
2018,173,2
2019,430,1
2018,440,1
1986,164,2
2002,440,1
2017,440,1
2019,39,0
2015,440,1
2016,440,1
2013,440,1
2017,227,2
2014,173,2
2018,521,1
2020,291,2
2016,440,1
2020,173,2
1983,173,2
2016,311,2
2018,164,2
2017,0,0
2012,303,2
2006,173,2
2018,173,2
2020,29,0
2013,440,1
2018,192,2
2014,163,2
2017,100,0
2016,440,1
1993,139,2
2019,78,0
1988,173,2
2016,239,2
2017,239,2
2016,39,0
2011,440,1
1973,440,1
2017,39,0
1985,280,2
2017,257,2
2017,173,2
2019,173,2
2017,173,2
2003,440,1
2017,311,2
2019,0,0
1997,440,1
2002,440,1
2020,311,2
2008,291,2
2017,440,1
2016,54,0
2009,192,2
2018,253,2
2016,106,0
2016,440,1
2019,440,1
2019,173,2
2018,173,2
2012,369,1
2019,257,2
2018,257,2
2017,173,2
2017,388,1
2013,440,1
2014,440,1
2016,173,2
2017,126,0
2019,63,0
2018,6,0
2009,173,2
2015,369,1
2011,173,2
2017,440,1
2016,440,1
2020,369,1
2020,440,1
2019,440,1
2009,440,1
2016,449,1
2020,440,1
2020,39,0
2016,484,1
2020,39,0
2013,440,1
2017,440,1
2019,440,1
2015,440,1
2019,440,1
2017,89,0
2018,463,1
2020,192,2
2019,440,1
2018,108,0
2008,440,1
2017,21,0
2017,369,1
2016,515,1
2019,440,1
2016,440,1
2017,173,2
2004,58,0
2019,357,1
2019,137,2
2018,317,2
2018,227,2
2019,440,1
2012,450,1
2016,173,2
2019,173,2
2017,247,2
2019,247,2
2020,440,1
2015,227,2
2020,173,2
2014,296,2
2014,264,2
2017,440,1
2015,440,1
2016,440,1
2019,440,1
2014,446,1
2008,173,2
2018,420,1
2014,238,2
2015,440,1
2014,440,1
2018,440,1
2019,369,1
2018,227,2
2016,173,2
2019,100,0
2017,440,1
2016,173,2
2015,440,1
2019,257,2
2017,71,0
2017,173,2
2018,257,2
2003,440,1
2016,513,1
1997,440,1
2019,357,1
2016,39,0
2017,100,0
2017,153,2
2013,440,1
2015,440,1
2012,440,1
2014,440,1
2013,440,1
2011,440,1
2014,440,1
2012,440,1
2016,440,1
2010,440,1
2013,440,1
2013,440,1
2006,440,1
2017,182,2
2005,477,1
2014,369,1
1975,369,1
2014,369,1
2000,369,1
1982,369,1
2014,369,1
1979,369,1
2009,430,1
2016,440,1
2015,108,0
2015,268,2
2016,155,2
2011,173,2
2012,440,1
2016,39,0
2020,440,1
2020,227,2
2019,173,2
2016,173,2
2016,173,2
2013,440,1
2018,430,1
2018,173,2
2016,440,1
2002,440,1
2015,215,2
2014,440,1
2016,239,2
2015,440,1
2017,440,1
2018,311,2
1984,163,2
2007,440,1
2020,173,2
2012,100,0
2017,173,2
2016,69,0
2015,132,0
2020,440,1
2015,357,1
2012,440,1
2017,440,1
2012,173,2
2019,63,0
2004,173,2
1989,173,2
2006,238,2
2012,173,2
2014,173,2
2003,173,2
2008,173,2
2018,238,2
2014,173,2
2014,106,0
2014,440,1
1987,173,2
2017,173,2
2011,173,2
2019,440,1
2007,440,1
2019,173,2
2013,272,2
2017,440,1
2018,396,1
2020,239,2
1962,440,1
2010,272,2
2010,39,0
2016,369,1
2015,317,2
2018,173,2
2005,173,2
2017,440,1
2013,100,0
2016,440,1
2017,272,2
2015,39,0
2011,173,2
2007,144,2
1991,440,1
2017,143,2
2012,100,0
2016,344,1
2018,450,1
2015,450,1
2016,450,1
2014,450,1
2018,450,1
2018,440,1
2015,440,1
2018,39,0
2001,163,2
2015,369,1
2009,440,1
2008,100,0
2018,360,1
2016,192,2
2019,192,2
2009,440,1
2018,440,1
2017,357,1
2012,353,1
2016,217,2
2011,430,1
2017,303,2
1988,440,1
2003,442,1
2017,173,2
2017,369,1
2013,173,2
2017,173,2
2014,173,2
2006,502,1
2017,199,2
2017,440,1
1982,173,2
2007,173,2
2016,440,1
1999,353,1
2015,440,1
2018,440,1
2006,227,2
2008,227,2
2009,227,2
2011,227,2
2007,227,2
2010,227,2
2005,227,2
2006,227,2
2004,227,2
2013,173,2
2020,535,1
2018,63,0
2017,440,1
2020,440,1
2019,440,1
2018,173,2
2016,440,1
2004,440,1
2016,173,2
2016,440,1
2015,440,1
2013,173,2
2019,70,0
2017,440,1
2016,173,2
2018,173,2
2016,65,0
2009,357,1
2018,440,1
2018,257,2
2004,440,1
2017,440,1
2007,440,1
2018,173,2
2018,71,0
2017,173,2
2018,506,1
2018,440,1
2013,440,1
2018,357,1
2014,440,1
2008,442,1
2019,440,1
2016,173,2
2019,257,2
2009,157,2
2019,227,2
2015,357,1
2018,173,2
2005,437,1
2005,173,2
2018,63,0
2017,227,2
1979,100,0
2011,173,2
2017,239,2
2011,272,2
2007,440,1
2019,173,2
2020,63,0
2020,277,2
2016,440,1
2017,440,1
2020,440,1
2019,191,2
2019,492,1
2016,440,1
2020,0,0
2016,369,1
2018,108,0
2018,29,0
2019,29,0
2018,440,1
2017,440,1
2017,440,1
2017,440,1
2017,440,1
2018,440,1
2017,440,1
2018,440,1
2017,440,1
2017,440,1
2017,440,1
2018,440,1
2017,440,1
2012,440,1
2017,440,1
1995,440,1
2016,440,1
2009,373,1
2019,349,1
2013,95,0
2013,96,0
2016,29,0
2016,369,1
2014,440,1
2009,138,2
2018,10,0
1960,440,1
2007,440,1
2004,440,1
2020,369,1
2020,369,1
2018,173,2
2015,317,2
2020,328,1
2016,440,1
2016,144,2
2017,106,0
1995,173,2
2011,353,1
2012,353,1
2012,173,2
2017,440,1
2019,283,2
2019,173,2
2017,315,2
2018,227,2
2018,29,0
2015,440,1
2013,440,1
2014,91,0
2013,440,1
2007,173,2
2009,100,0
2012,100,0
2017,170,2
2018,217,2
2017,257,2
1983,163,2
2017,32,0
2016,173,2
2010,163,2
2018,178,2
2018,440,1
2018,440,1
2018,440,1
2018,440,1
2018,440,1
2019,369,1
2010,173,2
2013,173,2
1968,225,2
2001,173,2
2014,173,2
2016,353,1
2020,192,2
2019,173,2
2013,440,1
2016,440,1
1998,39,0
2018,440,1
2012,272,2
2016,173,2
2020,353,1
2020,357,1
2019,440,1
2013,94,0
2018,440,1
2015,15,0
2006,440,1
2016,440,1
2015,29,0
2020,440,1
2016,311,2
2016,72,0
2018,76,0
2016,440,1
1984,163,2
2019,440,1
2017,322,1
2016,272,2
2016,440,1
2005,357,1
2017,173,2
2016,440,1
2017,16,0
2019,173,2
2014,173,2
2019,369,1
2018,60,0
2011,440,1
2016,317,2
2017,440,1
2006,227,2
1991,110,0
2018,430,1
2018,369,1
2018,440,1
2020,79,0
2017,357,1
2017,353,1
2008,173,2
2006,429,1
2015,173,2
2007,440,1
2010,173,2
2017,173,2
2020,173,2
2019,129,0
2018,173,2
2019,440,1
2013,272,2
2019,173,2
2005,173,2
2018,183,2
2007,353,1
2002,440,1
2016,440,1
1988,163,2
2004,0,0
2015,317,2
2006,244,2
2017,173,2
2016,311,2
2002,440,1
2019,173,2
2017,232,2
2014,39,0
2000,173,2
2018,39,0
2019,106,0
2018,29,0
2018,440,1
2007,440,1
2018,468,1
2012,440,1
1997,173,2
2017,173,2
2018,265,2
2019,106,0
2019,311,2
2018,173,2
1989,369,1
2018,238,2
1992,440,1
2011,173,2
2019,239,2
2019,369,1
1992,440,1
2014,357,1
2017,440,1
2020,440,1
2009,440,1
2016,173,2
2018,257,2
2009,173,2
2016,191,2
2015,144,2
2013,353,1
2016,440,1
1988,440,1
2010,173,2
2019,70,0
2014,357,1
2016,238,2
2019,173,2
2018,83,0
2006,430,1
2016,513,1
2018,169,2
2018,6,0
2017,39,0
2007,440,1
2019,311,2
2016,123,0
2020,440,1
2016,440,1
2018,442,1
2020,148,2
2019,173,2
2016,144,2
2015,173,2
2015,108,0
1993,440,1
2000,173,2
2006,173,2
2015,173,2
2009,353,1
2012,257,2
2016,173,2
2017,173,2
2017,82,0
2020,44,0
2018,440,1
2018,440,1
2018,173,2
2017,173,2
2018,10,0
2008,440,1
2016,173,2
2018,267,2
2002,173,2
2014,173,2
1998,0,0
2014,173,2
2018,106,0
2009,337,1
2006,369,1
2010,440,1
2016,108,0
1986,521,1
2012,173,2
2012,440,1
1980,440,1
2018,413,1
2008,317,2
2019,141,2
2017,227,2
2018,227,2
2019,227,2
2019,507,1
2013,173,2
2017,303,2
2018,348,1
1980,440,1
2016,281,2
2006,440,1
2017,192,2
2016,173,2
2018,369,1
2017,173,2
2017,160,2
2017,440,1
2017,173,2
2014,440,1
2013,440,1
2013,186,2
2019,173,2
2015,173,2
2013,173,2
2015,440,1
2018,440,1
2012,303,2
1996,440,1
1969,173,2
1984,163,2
2018,440,1
2017,440,1
2018,440,1
1962,173,2
2018,440,1
2016,173,2
2018,173,2
2020,440,1
2008,450,1
2019,39,0
2018,58,0
2020,173,2
2018,311,2
2015,440,1
2000,173,2
2018,238,2
1994,440,1
2014,45,0
2016,39,0
2017,39,0
2018,47,0
2018,440,1
2017,173,2
2012,369,1
2017,440,1
2011,440,1
2011,173,2
2015,173,2
2006,173,2
1986,173,2
2017,173,2
1998,173,2
2018,173,2
2020,247,2
2008,430,1
2012,369,1
2014,173,2
2015,503,1
2018,323,1
1988,440,1
1990,20,0
2018,440,1
2019,173,2
2008,440,1
2010,173,2
2020,173,2
2004,238,2
2008,173,2
2013,173,2
2009,440,1
2008,440,1
2012,440,1
2015,173,2
2018,440,1
2017,173,2
1980,440,1
2011,173,2
2014,173,2
2015,173,2
2016,70,0
1988,440,1
2018,173,2
2016,440,1
2016,10,0
2002,141,2
1996,173,2
2014,173,2
2018,173,2
1974,173,2
2019,173,2
2018,440,1
2015,440,1
2015,440,1
2018,440,1
1995,173,2
1985,173,2
2016,173,2
2018,298,2
2005,173,2
2016,39,0
2018,311,2
2010,173,2
2006,173,2
2011,440,1
2017,173,2
2017,265,2
2019,440,1
2017,39,0
2019,440,1
2011,100,0
2011,173,2
2019,239,2
2008,369,1
2011,490,1
2020,369,1
1955,440,1
2016,440,1
2018,39,0
2016,10,0
1984,440,1
2017,173,2
2017,369,1
2013,430,1
2015,100,0
2016,440,1
2012,440,1
2019,440,1
2015,238,2
2015,49,0
2010,440,1
2017,432,1
2018,239,2
2014,311,2
2012,311,2
2010,150,2
2017,440,1
2020,440,1
2016,440,1
2015,440,1
2017,271,2
1976,100,0
1980,163,2
2016,173,2
2014,169,2
2019,299,2
2018,311,2
2017,369,1
2017,369,1
2008,521,1
2012,239,2
2020,369,1
2016,239,2
2016,239,2
2018,82,0
2020,29,0
1979,440,1
2018,369,1
2020,10,0
2020,440,1
2018,144,2
2008,440,1
2019,440,1
2015,173,2
2017,16,0
2016,247,2
2013,173,2
2018,238,2
2020,144,2
2011,173,2
2018,227,2
2019,440,1
2005,521,1
2016,227,2
2010,173,2
2015,257,2
2009,440,1
2020,440,1
2016,217,2
2018,369,1
2016,106,0
2019,144,2
2008,173,2
2019,440,1
1976,440,1
2016,173,2
1979,440,1
1982,440,1
1985,440,1
1990,440,1
2017,440,1
2017,440,1
2017,440,1
2020,106,0
2019,440,1
2020,440,1
2014,100,0
2019,440,1
2018,245,2
2020,227,2
2010,357,1
2013,357,1
2019,173,2
2014,175,2
2018,239,2
2018,440,1
2018,440,1
2019,440,1
2015,202,2
2017,39,0
2012,396,1
2020,440,1
2017,440,1
2020,217,2
1968,440,1
1998,440,1
2012,173,2
2018,440,1
2016,440,1
2016,192,2
2000,155,2
2017,173,2
2016,239,2
1995,163,2
2005,478,1
2004,173,2
1999,440,1
2018,440,1
2018,440,1
2017,173,2
2017,369,1
2015,440,1
2016,440,1
2013,440,1
2019,440,1
2016,173,2
2017,440,1
2016,164,2
2003,440,1
2015,173,2
2019,173,2
1982,173,2
2019,173,2
2016,265,2
2018,192,2
2019,191,2
2014,357,1
2016,39,0
1983,173,2
2014,265,2
2016,173,2
2012,440,1
2017,116,0
2016,173,2
2013,173,2
2016,173,2
2019,272,2
2007,173,2
1975,173,2
1963,100,0
2014,100,0
2020,440,1
1987,440,1
1991,440,1
1991,440,1
2017,173,2
2017,173,2
2017,440,1
2013,100,0
2012,440,1
2018,308,2
2008,173,2
2017,440,1
2016,213,2
2017,440,1
1964,173,2
2018,173,2
2016,173,2
2014,440,1
2019,440,1
2010,13,0
2020,304,2
2018,317,2
2020,440,1
2017,440,1
2010,106,0
2014,22,0
2015,39,0
2016,14,0
2005,173,2
2018,173,2
2017,173,2
2017,173,2
2008,173,2
2018,440,1
2012,173,2
2017,192,2
1982,173,2
2017,440,1
2013,173,2
2017,440,1
2018,100,0
2019,217,2
2017,440,1
2013,522,1
2019,440,1
2018,173,2
2014,440,1
2017,440,1
1955,220,2
2019,100,0
2000,440,1
2013,440,1
1993,440,1
1988,440,1
2019,106,0
2016,144,2
2020,440,1
2020,70,0
1998,440,1
2018,440,1
2010,525,1
1997,440,1
2000,440,1
2013,163,2
2012,440,1
2014,440,1
1993,440,1
2012,342,1
2011,440,1
2018,0,0
2019,440,1
2012,440,1
2016,440,1
2007,168,2
2015,534,1
2019,440,1
2017,173,2
2013,440,1
2013,440,1
2013,440,1
2014,369,1
2013,440,1
2013,369,1
2014,440,1
2013,369,1
2014,369,1
2014,521,1
2017,440,1
2019,440,1
2018,440,1
2018,173,2
2015,440,1
2015,239,2
2012,357,1
2010,393,1
2015,312,2
2016,440,1
2017,162,2
2020,440,1
2020,173,2
2020,303,2
2018,440,1
2008,70,0
2011,440,1
2019,440,1
2018,440,1
2020,173,2
2013,173,2
2018,440,1
2008,440,1
2017,272,2
2019,317,2
2014,524,1
2010,440,1
2008,440,1
2016,385,1
2008,440,1
1999,239,2
2019,440,1
2019,440,1
2019,106,0
2005,173,2
2018,72,0
2011,173,2
2011,173,2
2002,173,2
2012,173,2
2019,70,0
2002,173,2
2002,163,2
2011,440,1
2018,440,1
2020,369,1
2008,173,2
2020,440,1
2020,430,1
2006,100,0
2014,272,2
2010,440,1
2013,272,2
2019,440,1
2010,440,1
2016,309,2
2009,482,1
1991,185,2
2020,173,2
2017,58,0
2020,30,0
1990,173,2
2018,173,2
2007,173,2
2016,440,1
2018,10,0
2017,10,0
2011,173,2
2016,173,2
2013,440,1
2016,173,2
2009,520,1
2017,440,1
2016,430,1
2013,440,1
2017,173,2
2017,191,2
2004,353,1
2018,192,2
2019,192,2
2020,192,2
2018,82,0
2017,221,2
2014,173,2
2018,440,1
2014,173,2
2018,440,1
2012,41,0
2019,173,2
2012,440,1
2019,369,1
2012,468,1
2017,239,2
2018,24,0
1960,181,2
2013,173,2
2011,173,2
2015,192,2
2017,347,1
2015,521,1
2017,270,2
2016,440,1
2016,440,1
2015,440,1
2012,272,2
2020,291,2
2019,257,2
2014,354,1
2017,317,2
2016,73,0
2016,440,1
2016,72,0
2020,542,1
2010,440,1
2017,217,2
2015,440,1
2019,353,1
2020,353,1
2004,440,1
1996,440,1
1993,440,1
2017,257,2
2015,416,1
2017,58,0
1998,440,1
2017,440,1
2008,440,1
2016,317,2
2015,440,1
2016,440,1
2000,440,1
2016,392,1
2013,313,2
2020,0,0
2005,173,2
2013,192,2
2016,239,2
2018,239,2
1984,185,2
1998,173,2
2018,317,2
1991,239,2
2018,440,1
2018,440,1
2009,88,0
2017,440,1
2019,440,1
2020,244,2
2017,317,2
2003,440,1
2016,173,2
2013,440,1
2015,440,1
2014,18,0
2018,100,0
2018,173,2
2018,173,2
2008,100,0
2015,239,2
2011,440,1
2019,440,1
2000,440,1
2015,317,2
1976,440,1
2017,106,0
2013,173,2
2016,57,0
2016,488,1
2017,440,1
2020,440,1
2017,440,1
2007,440,1
2018,440,1
2020,440,1
2018,369,1
2017,440,1
2009,440,1
2019,440,1
2004,440,1
2015,440,1
2012,468,1
2018,440,1
2018,226,2
2001,440,1
2002,440,1
2003,440,1
2011,440,1
2015,317,2
2017,173,2
2018,440,1
2019,440,1
2015,39,0
2017,440,1
2020,39,0
2007,430,1
2013,369,1
2018,440,1
2004,440,1
2014,272,2
2006,440,1
2006,440,1
2018,311,2
2008,440,1
2018,100,0
2018,440,1
2017,440,1
2014,144,2
2015,430,1
2018,440,1
2010,173,2
2010,353,1
2015,440,1
2014,440,1
2017,173,2
2020,440,1
2019,39,0
1987,440,1
2016,440,1
2006,521,1
2010,232,2
2018,173,2
2019,106,0
2018,440,1
1992,17,0
1981,440,1
1996,440,1
2016,29,0
1999,155,2
2002,440,1
2019,357,1
2019,440,1
2015,220,2
2011,353,1
2018,173,2
2015,385,1
2020,440,1
2014,211,2
2014,390,1
2019,440,1
2015,99,0
2017,245,2
2017,317,2
2018,191,2
2014,176,2
2018,173,2
2017,440,1
2019,173,2
2019,440,1
2020,39,0
2019,440,1
2014,173,2
2007,440,1
1972,440,1
2019,440,1
2018,317,2
2006,440,1
2019,450,1
1999,440,1
2019,173,2
2002,173,2
2016,192,2
2007,440,1
2015,192,2
2017,192,2
2017,440,1
2017,440,1
2018,192,2
2019,311,2
2004,173,2
1977,173,2
2014,39,0
2014,39,0
2007,521,1
2017,450,1
2019,440,1
2018,440,1
2016,516,1
2016,72,0
1980,163,2
2001,440,1
2018,257,2
2020,144,2
1999,173,2
2007,173,2
2008,173,2
2017,440,1
2011,477,1
2018,70,0
2017,440,1
2018,317,2
2010,440,1
2012,173,2
2009,238,2
2018,440,1
2019,440,1
2016,440,1
2014,173,2
2015,173,2
2011,173,2
2017,173,2
2006,100,0
2018,192,2
2015,106,0
2020,192,2
1999,440,1
2005,440,1
2013,100,0
2017,257,2
2018,440,1
2012,237,2
1976,440,1
2020,440,1
2016,440,1
2016,173,2
2003,440,1
2019,353,1
2018,265,2
2018,173,2
2010,173,2
2016,440,1
2007,169,2
1991,487,1
2010,173,2
2017,228,2
2017,5,0
2015,163,2
2012,173,2
2016,440,1
2003,481,1
2009,483,1
2015,106,0
2017,440,1
2016,173,2
2012,404,1
2015,173,2
2012,173,2
2019,173,2
2019,173,2
2011,173,2
2015,272,2
2016,339,1
2018,259,2
2020,440,1
2018,192,2
2019,192,2
2016,244,2
2019,349,1
2017,257,2
2015,440,1
2016,39,0
2005,440,1
2011,504,1
2007,0,0
2016,106,0
2018,440,1
2016,311,2
2014,272,2
2013,440,1
2018,440,1
1995,440,1
2005,440,1
2018,216,2
2019,105,0
2010,100,0
2015,327,1
2019,217,2
2020,440,1
2016,257,2
2017,277,2
2013,58,0
2000,450,1
2011,114,0
2016,120,0
2016,430,1
2018,343,1
2016,440,1
2017,440,1
2020,440,1
2017,440,1
2016,440,1
2015,369,1
2018,440,1
2017,440,1
2017,318,2
1993,163,2
2018,440,1
2014,440,1
1942,440,1
2004,100,0
2020,217,2
2008,163,2
2018,440,1
2020,217,2
2017,70,0
2019,440,1
2017,406,1
2016,440,1
2015,58,0
1954,100,0
2016,440,1
2016,66,0
2019,257,2
2013,528,1
2019,100,0
2001,369,1
2005,173,2
2019,173,2
2019,51,0
2010,440,1
2020,291,2
2020,440,1
2015,106,0
2010,440,1
2009,440,1
2016,452,1
2008,430,1
2010,450,1
2019,415,1
2020,440,1
2019,440,1
2007,440,1
2019,440,1
2017,201,2
2006,440,1
2018,253,2
2015,272,2
2017,257,2
2020,349,1
2017,311,2
2005,466,1
2007,440,1
2018,161,2
2013,357,1
2017,461,1
2019,440,1
2016,440,1
2017,212,2
2020,311,2
2014,39,0
1977,440,1
2019,440,1
2017,440,1
2017,440,1
2014,57,0
2017,100,0
2016,257,2
2016,440,1
2010,100,0
2016,331,1
2019,29,0
2015,242,2
2013,430,1
2018,440,1
2020,39,0
2016,440,1
1965,440,1
2017,440,1
2017,106,0
2018,440,1
2019,279,2
2018,112,0
2010,440,1
2018,440,1
2018,521,1
2016,39,0
2013,214,2
2013,440,1
2011,100,0
1996,440,1
2019,440,1
2015,106,0
2020,0,0
2013,440,1
1994,440,1
1970,277,2
1992,411,1
2019,440,1
2015,430,1
2006,501,1
2009,173,2
2011,192,2
2015,436,1
1982,521,1
2018,173,2
2016,440,1
2015,10,0
2017,23,0
2020,244,2
2010,100,0
2005,283,2
2017,387,1
2018,430,1
2020,440,1
2020,39,0
2018,257,2
2006,487,1
2017,2,0
2017,440,1
2020,440,1
2012,440,1
2020,349,1
2016,87,0
2015,440,1
2019,440,1
2017,440,1
2017,440,1
2016,6,0
2016,440,1
2016,192,2
2017,192,2
2009,192,2
2016,487,1
2018,311,2
2016,440,1
2005,440,1
2007,440,1
2020,402,1
2016,461,1
2015,414,1
1994,103,0
2019,231,2
1997,227,2
2015,440,1
2017,440,1
2019,324,1
1981,440,1
2016,430,1
2016,440,1
2019,440,1
2013,140,2
2012,369,1
2018,440,1
2010,440,1
2009,257,2
2009,440,1
2014,486,1
2019,29,0
1996,440,1
2016,369,1
1978,163,2
2019,440,1
1994,440,1
2000,440,1
2017,440,1
1975,163,2
2008,461,1
2017,380,1
2016,440,1
2019,227,2
2020,227,2
2014,369,1
2020,440,1
2016,484,1
2016,253,2
2013,440,1
2016,440,1
2016,317,2
2018,440,1
2013,227,2
2003,192,2
2018,257,2
2020,352,1
2019,440,1
2017,317,2
2018,272,2
2016,317,2
2011,517,1
2018,211,2
2017,440,1
2016,440,1
2009,440,1
2014,438,1
2015,533,1
2013,164,2
2020,369,1
1979,173,2
2011,164,2
2005,442,1
2011,440,1
2013,513,1
2016,70,0
2018,393,1
2020,440,1
2018,462,1
2019,440,1
2015,440,1
2020,277,2
2017,440,1
2008,440,1
2017,321,1
2020,192,2
2007,440,1
2011,440,1
2017,39,0
2015,317,2
2017,440,1
2019,440,1
2012,440,1
2019,317,2
2018,440,1
2016,440,1
2005,353,1
2017,173,2
2018,272,2
2017,39,0
2018,40,0
2014,493,1
2018,430,1
2016,440,1
2021,317,2
2009,374,1
2012,335,1
2014,239,2
2017,440,1
2018,90,0
2018,440,1
1995,440,1
2019,323,1
2009,440,1
2016,369,1
2018,369,1
2009,100,0
1998,10,0
2011,106,0
2009,440,1
2017,328,1
2016,317,2
2015,440,1
2019,440,1
2011,385,1
2018,257,2
2007,440,1
2016,440,1
2013,192,2
2010,461,1
2017,440,1
2017,29,0
2017,206,2
2018,497,1
2019,403,1
2010,431,1
2018,430,1
2020,430,1
2003,234,2
2019,440,1
2006,440,1
2017,440,1
1970,100,0
2012,173,2
2018,440,1
2016,27,0
2020,311,2
2010,440,1
2019,173,2
1991,440,1
2020,440,1
1992,10,0
2010,141,2
2016,440,1
2018,29,0
2017,67,0
2019,440,1
2014,369,1
2018,269,2
2016,410,1
2019,440,1
2020,440,1
2019,440,1
2016,440,1
2019,440,1
2018,317,2
2018,440,1
2019,328,1
2002,173,2
2016,173,2
2019,303,2
2020,217,2
2020,173,2
2016,318,2
2016,262,2
2017,58,0
2018,440,1
2015,119,0
2019,317,2
2017,252,2
1982,127,0
2006,144,2
2015,207,2
2017,199,2
2018,440,1
1974,440,1
2008,440,1
2003,256,2
2002,256,2
2017,9,0
2020,440,1
2019,257,2
2015,272,2
2008,401,1
2020,440,1
2017,440,1
1982,277,2
1993,163,2
2017,444,1
2020,39,0
2020,440,1
2020,39,0
2020,440,1
2018,173,2
2009,440,1
2019,218,2
2017,108,0
1981,100,0
2017,440,1
1998,480,1
2015,440,1
2012,440,1
2020,217,2
1999,440,1
2003,440,1
2003,440,1
2017,317,2
2018,440,1
2017,311,2
2015,68,0
2009,521,1
2017,440,1
2013,163,2
2020,440,1
2019,257,2
2020,317,2
2018,277,2
2011,417,1
2012,272,2
2017,369,1
2016,90,0
2016,450,1
2015,253,2
2018,28,0
2017,440,1
2017,331,1
2011,440,1
2017,217,2
1988,440,1
1984,440,1
2018,39,0
1994,440,1
2016,334,1
2020,440,1
2018,197,2
2014,53,0
2018,440,1
2020,317,2
2020,440,1
2014,440,1
2008,272,2
2018,58,0
2000,440,1
1999,122,0
2010,440,1
2015,440,1
2018,125,0
2017,361,1
2017,440,1
2020,448,1
2019,440,1
2018,440,1
2019,272,2
2020,317,2
2001,369,1
2016,369,1
1997,440,1
1993,440,1
2019,440,1
2014,239,2
2019,160,2
2019,440,1
2012,440,1
2004,430,1
2018,317,2
2013,144,2
2006,465,1
2014,440,1
2017,302,2
2012,430,1
2007,440,1
2012,440,1
2018,277,2
2015,173,2
2012,100,0
2020,217,2
2004,440,1
2018,440,1
2004,311,2
2017,106,0
2014,521,1
2004,465,1
2009,440,1
2020,440,1
2017,311,2
2019,203,2
2020,440,1
2016,338,1
2019,440,1
2006,440,1
2018,440,1
2008,192,2
1997,477,1
2015,457,1
2016,440,1
2016,317,2
2019,39,0
2016,253,2
2019,440,1
2018,247,2
2016,426,1
2015,440,1
2016,294,2
2011,100,0
2002,440,1
2014,369,1
2018,373,1
2016,440,1
1994,440,1
2016,369,1
2011,440,1
2020,349,1
2014,20,0
2014,173,2
2017,257,2
1998,440,1
2011,521,1
2010,440,1
2015,440,1
2017,369,1
2019,220,2
1989,440,1
2017,440,1
2014,98,0
2012,10,0
1973,100,0
2001,147,2
2015,440,1
2019,473,1
2019,257,2
2018,227,2
2014,173,2
2013,440,1
2017,440,1
2016,205,2
1955,217,2
2014,440,1
2019,42,0
2019,317,2
2020,317,2
2015,239,2
2013,192,2
2018,317,2
2019,189,2
2020,440,1
2011,445,1
2013,469,1
2020,440,1
2010,440,1
2019,0,0
2016,440,1
2013,440,1
2008,440,1
1978,277,2
2010,440,1
2013,384,1
2005,440,1
2020,440,1
2015,440,1
2016,400,1
2017,440,1
2004,100,0
2018,100,0
2017,440,1
2016,272,2
2016,395,1
2009,521,1
1999,440,1
2016,0,0
1974,440,1
2014,411,1
2013,100,0
2016,272,2
2016,440,1
2017,369,1
2002,520,1
2009,440,1
2018,428,1
2010,472,1
2017,440,1
2018,317,2
2019,217,2
2020,530,1
2018,317,2
2017,440,1
1996,440,1
2016,369,1
2015,440,1
2016,369,1
2002,440,1
2019,25,0
2004,164,2
2019,409,1
2009,440,1
2011,353,1
2020,353,1
2016,26,0
2013,440,1
2016,272,2
2017,440,1
2020,440,1
2015,440,1
2017,440,1
2020,349,1
2016,173,2
2015,100,0
2019,70,0
2018,317,2
2014,20,0
2007,255,2
1998,440,1
2006,272,2
2016,257,2
2017,257,2
2018,440,1
2020,62,0
2017,173,2
2015,376,1
2018,440,1
2018,311,2
1976,100,0
2019,106,0
2016,211,2
2017,106,0
1999,430,1
2018,106,0
2019,440,1
2018,369,1
2016,365,1
2017,39,0
2020,440,1
2016,440,1
2016,199,2
1985,163,2
2019,173,2
2016,39,0
2017,173,2
2013,173,2
1988,440,1
2019,440,1
2016,440,1
2007,440,1
2019,39,0
2016,108,0
2018,369,1
2018,440,1
2017,317,2
2020,29,0
2019,192,2
2017,70,0
2015,191,2
2020,369,1
2017,353,1
2017,440,1
2011,450,1
2010,369,1
2010,370,1
2019,173,2
2016,164,2
2018,272,2
2018,440,1
2019,58,0
2017,173,2
2017,440,1
1947,440,1
2019,440,1
2017,440,1
2015,440,1
2018,440,1
2016,173,2
2020,440,1
2016,70,0
2017,173,2
2019,349,1
1990,440,1
2011,369,1
2008,369,1
2015,173,2
2013,173,2
2018,243,2
2020,311,2
2017,440,1
2016,330,1
2014,440,1
2018,440,1
2018,440,1
2020,440,1
2006,440,1
2018,106,0
2017,440,1
2020,287,2
1995,440,1
2015,369,1
2017,317,2
2017,440,1
2018,440,1
2012,440,1
2018,0,0
2016,0,0
1999,173,2
2017,173,2
2010,357,1
2011,440,1
2020,440,1
2020,440,1
2014,440,1
2018,440,1
2016,440,1
1997,430,1
2020,106,0
2016,440,1
2019,192,2
1988,440,1
2019,353,1
2016,173,2
2020,173,2
2016,317,2
2001,440,1
2016,440,1
1990,502,1
2018,173,2
2015,440,1
2017,440,1
2007,173,2
2014,39,0
2014,39,0
2009,39,0
2015,39,0
2008,39,0
2020,39,0
2006,39,0
2004,39,0
2007,353,1
2016,311,2
1996,369,1
2008,440,1
2017,440,1
2014,379,1
2017,39,0
2014,372,1
2016,440,1
2018,357,1
2019,440,1
1990,440,1
2001,440,1
2004,440,1
2015,308,2
2018,510,1
2020,440,1
2016,369,1
2017,440,1
2018,440,1
1985,173,2
1995,173,2
2014,173,2
2016,440,1
2019,440,1
2019,355,1
1991,440,1
2019,440,1
2017,440,1
2017,440,1
2018,173,2
1969,440,1
2016,440,1
2017,440,1
2020,39,0
2020,39,0
2015,440,1
2017,440,1
2016,173,2
2010,61,0
2012,173,2
2010,173,2
2019,227,2
2019,311,2
1944,521,1
2013,440,1
2017,357,1
2014,440,1
2010,228,2
2020,317,2
2007,164,2
2018,440,1
2018,369,1
2016,39,0
2008,468,1
2016,173,2
2020,272,2
2010,173,2
2016,173,2
2013,173,2
2008,173,2
1959,173,2
2020,217,2
2020,173,2
2015,173,2
2015,106,0
2016,376,1
2018,39,0
2006,440,1
2020,440,1
2018,317,2
2017,317,2
2016,440,1
2019,362,1
2020,440,1
2019,303,2
2019,440,1
2011,440,1
2017,440,1
2007,128,0
2018,440,1
2020,217,2
2016,412,1
2013,346,1
2019,440,1
2016,39,0
2013,6,0
2017,272,2
2012,396,1
2014,509,1
2014,173,2
2019,440,1
2017,45,0
2011,399,1
2020,317,2
2017,430,1
2011,100,0
1990,440,1
2018,317,2
2009,440,1
2018,257,2
2020,440,1
2019,173,2
2019,173,2
2017,173,2
2020,10,0
2018,70,0
2018,100,0
2016,440,1
2019,173,2
2005,529,1
2020,317,2
2020,440,1
2018,173,2
2008,440,1
2020,173,2
2016,303,2
2016,173,2
2018,173,2
2016,317,2
2019,440,1
2017,239,2
2017,317,2
2008,192,2
2017,192,2
2015,235,2
2012,173,2
2017,405,1
1991,440,1
2015,440,1
2018,371,1
2016,440,1
2020,369,1
2016,272,2
2016,440,1
2019,227,2
2017,440,1
2020,173,2
2018,440,1
2020,173,2
2010,184,2
2017,173,2
2014,173,2
2006,173,2
2001,357,1
2004,357,1
2018,173,2
2018,106,0
2017,440,1
2018,369,1
2018,440,1
2011,369,1
2018,173,2
2013,265,2
2016,173,2
2012,292,2
2015,173,2
2005,440,1
2009,173,2
2016,440,1
2017,440,1
2017,369,1
2019,440,1
2017,440,1
2015,440,1
2019,440,1
2019,106,0
2007,450,1
2013,173,2
2011,490,1
2017,440,1
2016,369,1
2014,100,0
2015,239,2
2020,115,0
2019,173,2
2018,408,1
2016,173,2
2010,174,2
2019,163,2
2014,144,2
2015,393,1
2018,440,1
2020,440,1
2018,440,1
2016,317,2
2020,458,1
2018,440,1
2012,100,0
2015,441,1
1983,277,2
2017,106,0
2018,231,2
2016,163,2
2007,173,2
2015,173,2
2013,217,2
2016,440,1
2014,468,1
2008,173,2
2020,440,1
2017,440,1
2009,173,2
1999,134,0
2016,106,0
1967,277,2
2003,521,1
2017,70,0
2020,173,2
2018,232,2
2020,440,1
2017,394,1
2021,311,2
2018,39,0
2000,440,1
2018,440,1
2013,173,2
2015,173,2
2020,21,0
2021,440,1
1993,440,1
2002,192,2
2006,293,2
2009,173,2
2017,440,1
2020,440,1
2018,317,2
2014,257,2
2018,440,1
2000,159,2
2017,440,1
2015,440,1
2019,29,0
2020,192,2
2004,537,1
1980,233,2
2018,369,1
1954,440,1
2018,130,0
2016,440,1
2016,369,1
2010,440,1
2017,440,1
2019,317,2
1967,440,1
2016,369,1
2015,284,2
2008,527,1
2016,155,2
1999,440,1
2018,440,1
2018,440,1
2019,170,2
1971,467,1
2017,440,1
2018,20,0
2019,440,1
1981,10,0
2010,440,1
2019,238,2
2014,440,1
2019,440,1
2017,39,0
2016,257,2
2017,417,1
2016,440,1
2019,277,2
2017,440,1
2017,440,1
2020,440,1
2020,173,2
2017,225,2
2006,440,1
2013,440,1
2015,265,2
2016,173,2
2014,440,1
1994,440,1
2011,100,0
2015,173,2
2016,440,1
2017,58,0
2002,440,1
2005,440,1
2001,239,2
2008,173,2
2001,173,2
1994,173,2
2011,173,2
2013,173,2
2006,173,2
2018,102,0
2020,173,2
2014,108,0
2008,521,1
2010,353,1
2012,353,1
2015,353,1
2020,440,1
2016,228,2
2016,440,1
2018,311,2
2019,440,1
2020,440,1
2017,369,1
2017,440,1
2015,86,0
2009,272,2
2008,440,1
2017,440,1
2016,357,1
2015,272,2
2020,239,2
2011,440,1
1973,163,2
2020,349,1
2018,323,1
2020,173,2
2005,440,1
2016,103,0
2009,100,0
2018,317,2
2004,173,2
2006,440,1
2008,440,1
2005,100,0
2014,58,0
2014,173,2
2009,173,2
2018,173,2
2016,265,2
2011,173,2
2015,363,1
2018,440,1
2016,317,2
2016,239,2
2007,440,1
2011,173,2
2009,440,1
2018,173,2
2006,440,1
2005,340,1
2015,173,2
